day,commodity,price,demand,supply,sale
1,Rice,6467.384905857061,19700364.594293837,23369805.97954413,19700364.594293837
2,Rice,6549.901578969645,11448697.283035465,22054407.9236866,11448697.283035465
3,Rice,6613.953290237274,5043526.156272575,23255099.581224974,5043526.156272575
4,Rice,6322.005737947232,34238281.38527678,24683774.74274591,24683774.74274591
5,Rice,6524.482403806681,13990614.799331881,23344348.283383977,13990614.799331881
6,Rice,6498.958940226477,16542961.157352231,22764447.176693402,16542961.157352231
7,Rice,6482.536510995781,18185204.080421858,24798970.50757429,18185204.080421858
8,Rice,6496.041135453081,16834741.6346919,22451829.409801424,16834741.6346919
9,Rice,6335.155524018122,32923302.77818773,23337097.021460794,23337097.021460794
10,Rice,6542.269197302868,12211935.449713195,24849105.916558456,12211935.449713195
11,Rice,6337.1695335446075,32721901.82553922,23491798.046603426,23491798.046603426
12,Rice,6340.50314916755,32388540.26324497,21761524.930982493,21761524.930982493
13,Rice,6476.88951509052,18749903.67094796,23184436.57187528,18749903.67094796
14,Rice,6250.360720774864,41402783.1025136,23112571.687970765,23112571.687970765
15,Rice,6477.2153996946745,18717315.210532516,23432169.020982083,18717315.210532516
16,Rice,6430.41186135968,23397669.044031948,22871405.673324984,22871405.673324984
17,Rice,6538.788981599586,12559957.020041378,24413201.919332616,12559957.020041378
18,Rice,6472.595453824444,19179309.797555555,22612060.754374035,19179309.797555555
19,Rice,6299.610353605116,36477819.81948837,23456426.235554975,23456426.235554975
20,Rice,6478.532693540566,18585585.82594341,21915269.911122575,18585585.82594341
21,Rice,6345.712694603964,31867585.71960353,21309046.663678948,21309046.663678948
22,Rice,6463.710355140585,20067819.665941436,22220486.885035444,20067819.665941436
23,Rice,6417.404059686201,24698449.211379822,23915343.75335852,23915343.75335852
24,Rice,6251.982904268559,41240564.75314409,20620627.502808012,20620627.502808012
25,Rice,6507.516606879408,15687194.492059182,21670517.90582265,15687194.492059182
26,Rice,6550.8516948627475,11353685.693725213,24197057.663803816,11353685.693725213
27,Rice,6300.811499422599,36357705.23774008,23086026.344518542,23086026.344518542
28,Rice,6530.89779338661,13349075.841338975,22810466.972231913,13349075.841338975
29,Rice,6534.852261871965,12953628.992803436,24553294.09836481,12953628.992803436
30,Rice,6484.693321775193,17969523.002480667,22052315.594520982,17969523.002480667
31,Rice,6405.777164688966,25861138.711103372,21615762.59355586,21615762.59355586
32,Rice,6406.65061238577,25773793.941422984,23210508.862484504,23210508.862484504
33,Rice,6466.786060069445,19760249.173055485,23058620.696383674,19760249.173055485
34,Rice,6437.322694238013,22706585.75619863,23855659.215615243,22706585.75619863
35,Rice,6572.611248394116,9177730.340588363,24085844.30342811,9177730.340588363
36,Rice,6486.793861760029,17759469.00399703,23437814.85955239,17759469.00399703
37,Rice,6757.231594829979,9284304.302997958,23543118.24759835,9284304.302997958
38,Rice,6453.899913807258,21048863.7992742,21917459.13279026,21048863.7992742
39,Rice,6348.822878989629,31556567.281037036,20151791.401081964,20151791.401081964
40,Rice,6255.7834833251445,40860506.84748551,24097628.48517695,24097628.48517695
41,Rice,6494.150080420705,17023847.137929436,23575967.587328993,17023847.137929436
42,Rice,6417.692199945646,24669635.18543534,24563608.82627337,24563608.82627337
43,Rice,6422.08514380168,24230340.799831986,22874246.730348725,22874246.730348725
44,Rice,6296.913469725832,36747508.207416736,23843763.201683685,23843763.201683685
45,Rice,6441.711332854267,22267721.894573234,22955069.95916765,22267721.894573234
46,Rice,6525.879033932656,13850951.786734361,22895350.03791959,13850951.786734361
47,Rice,6522.498262745576,14189028.905442404,24986232.51354475,14189028.905442404
48,Rice,6549.816914807647,11457163.699235292,25555291.84287788,11457163.699235292
49,Rice,6434.209814384779,23017873.741522085,23504813.334230326,23017873.741522085
50,Rice,6439.342257434336,22504629.436566386,22664925.31084119,22504629.436566386
51,Rice,6336.497774706012,32789077.709398765,21317406.548191227,21317406.548191227
52,Rice,6744.041413462966,7965286.166296672,23452398.503641173,7965286.166296672
53,Rice,6495.3622817080595,16902627.009194016,22829574.956700318,16902627.009194016
54,Rice,6528.221091600673,13616746.019932628,24592699.93177036,13616746.019932628
55,Rice,6468.452027729659,19593652.40703409,21927364.739558354,19593652.40703409
56,Rice,6377.225902462744,28716264.93372559,22992117.909986604,22992117.909986604
57,Rice,6378.282108674511,28610644.3125489,24800801.893046323,24800801.893046323
58,Rice,6581.877127529821,8251142.427017834,23700723.05407241,8251142.427017834
59,Rice,6575.429504008639,8895904.779136065,24519735.60750318,8895904.779136065
60,Rice,6333.8474633566275,33054108.844337218,23649186.70664976,23649186.70664976
61,Rice,6278.224210814709,38616434.09852904,23763993.796017695,23763993.796017695
62,Rice,6480.842039820745,18354651.197925426,24797876.391634945,18354651.197925426
63,Rice,6354.475345304685,30991320.649531458,23842210.596768122,23842210.596768122
64,Rice,6597.096501007481,6729205.079251908,22567446.14563001,6729205.079251908
65,Rice,6421.792263572212,24259628.822778806,23986097.829261847,23986097.829261847
66,Rice,6324.611649986767,33977690.1813233,24888780.179790918,24888780.179790918
67,Rice,6640.464040829051,2392451.097094901,23223712.611697223,2392451.097094901
68,Rice,6407.165482015476,25722306.978452336,21678519.1150798,21678519.1150798
69,Rice,6586.7267725250495,7766177.927495021,24898086.119141113,7766177.927495021
70,Rice,6363.606411281574,30078214.05184258,21759404.752431955,21759404.752431955
71,Rice,6180.980063984162,48340848.78158373,21951335.489752665,21951335.489752665
72,Rice,6615.390702418197,4899784.938180249,22434016.852918662,4899784.938180249
73,Rice,6399.58169965089,26480685.214910947,22588147.723525222,22588147.723525222
74,Rice,6382.982488780322,28140606.301967815,23678099.081631467,23678099.081631467
75,Rice,6541.359020809524,12302953.099047584,23352384.001620565,12302953.099047584
76,Rice,6311.505598534765,35288295.32652343,23536417.634512044,23536417.634512044
77,Rice,6525.516339364015,13887221.243598463,23176166.450341497,13887221.243598463
78,Rice,6369.955433691894,29443311.810810603,23366639.37386792,23366639.37386792
79,Rice,6408.876461344566,25551209.04554332,24283331.476802703,24283331.476802703
80,Rice,6219.504319394117,44488423.24058823,22947537.595457043,22947537.595457043
81,Rice,6359.865747293574,30452280.450642586,24082143.43216297,24082143.43216297
82,Rice,6654.238110291799,1015044.1508200802,25157499.107412655,1015044.1508200802
83,Rice,6340.366105221371,32402244.65786286,24505252.518920124,24505252.518920124
84,Rice,6271.3577537291885,39303079.80708112,22988912.94177901,22988912.94177901
85,Rice,6206.579305281758,45780924.65182416,23478942.197199248,23478942.197199248
86,Rice,6768.8287316492215,10444017.984922178,21629913.48093722,10444017.984922178
87,Rice,6501.783030502891,16260552.12971086,23652916.038963176,16260552.12971086
88,Rice,6265.9617506625,39842680.113749966,22914105.162545733,22914105.162545733
89,Rice,6501.676264795707,16271228.700429304,21635845.20679377,16271228.700429304
90,Rice,6285.746368806817,37864218.29931823,23741280.668729473,23741280.668729473
91,Rice,6462.505975667312,20188257.613268793,22713948.992188614,20188257.613268793
92,Rice,6543.012663390944,12137588.840905568,25208076.724958908,12137588.840905568
93,Rice,6486.952269993798,17743628.180620175,22687076.88157291,17743628.180620175
94,Rice,6447.51986534769,21686868.645230964,23609272.800490413,21686868.645230964
95,Rice,6756.422699849442,9203414.804944266,22131273.426659983,9203414.804944266
96,Rice,6337.531757028461,32685679.477153912,20911135.97274024,20911135.97274024
97,Rice,6248.64880557222,41573974.62277794,23215141.920450184,23215141.920450184
98,Rice,6377.174472632883,28721407.91671163,22946050.93472411,22946050.93472411
99,Rice,6292.244835369166,37214371.64308335,24795597.879956353,24795597.879956353
100,Rice,6366.504946256185,29788360.5543815,24317257.97203665,24317257.97203665
101,Rice,6776.149352824388,11176080.102438852,22661760.1369429,11176080.102438852
102,Rice,6263.171132852674,40121741.89473252,24269888.04751222,24269888.04751222
103,Rice,6204.239098378974,46014945.342102595,23311012.331480343,23311012.331480343
104,Rice,6491.008850225747,17337970.15742529,23538537.697409928,17337970.15742529
105,Rice,6733.571135018848,6918258.321884792,24300381.169486973,6918258.321884792
106,Rice,6432.051367527287,23233718.42727128,23022265.12539447,23022265.12539447
107,Rice,6631.038818748634,3334973.30513655,23157770.535327144,3334973.30513655
108,Rice,6238.88154028585,42550701.151414976,23203173.59260069,23203173.59260069
109,Rice,6592.661936745189,7172661.5054810215,22259291.98065576,7172661.5054810215
110,Rice,6475.457576524987,18893097.527501225,24213090.365167208,18893097.527501225
111,Rice,6353.202745998881,31118580.580111843,20746025.357452847,20746025.357452847
112,Rice,6483.253661367077,18113489.04329224,23195154.610499747,18113489.04329224
113,Rice,6536.126382594104,12826216.920589553,22702357.092876613,12826216.920589553
114,Rice,6357.8637950380635,30652475.67619362,22129639.423166748,22129639.423166748
115,Rice,6338.492499184666,32589605.26153341,24770380.913795132,24770380.913795132
116,Rice,6277.664067299681,38672448.45003188,23283842.9214673,23283842.9214673
117,Rice,6474.052753305637,19033579.849436224,22420983.92433447,19033579.849436224
118,Rice,6404.966389350503,25942216.24494966,22655245.04931754,22655245.04931754
119,Rice,6374.356266518372,29003228.528162792,24038027.453674644,24038027.453674644
120,Rice,6434.259621601885,23012893.019811504,25079383.18524069,23012893.019811504
121,Rice,6650.904912716695,1348363.908330422,24479041.204579514,1348363.908330422
122,Rice,6268.333991739712,39605456.00602881,23042411.9567543,23042411.9567543
123,Rice,6442.863189291694,22152536.25083059,25170488.07578946,22152536.25083059
124,Rice,6133.378663390752,53100988.840924755,26307437.989088353,26307437.989088353
125,Rice,6824.893170487637,16050461.868763708,24375802.978458513,16050461.868763708
126,Rice,6420.524528629428,24386402.31705721,23428843.68377246,23428843.68377246
127,Rice,6443.954367957549,22043418.384245064,24184005.390093386,22043418.384245064
128,Rice,6457.821894792606,20656665.700739354,22526117.411923386,20656665.700739354
129,Rice,6601.7931275086785,6259542.429132119,22930087.90226066,6259542.429132119
130,Rice,6394.6090876311055,26977946.41688942,22998381.576107394,22998381.576107394
131,Rice,6468.0211419971465,19636740.980285317,23119836.95311823,19636740.980285317
132,Rice,6521.45764335074,14293090.844925966,24633776.21715883,14293090.844925966
133,Rice,6324.924738928349,33946381.28716505,22266468.823961258,22266468.823961258
134,Rice,6389.664498828644,27472405.297135532,23081684.9340283,23081684.9340283
135,Rice,6294.007964093441,37038058.77065587,24240353.696879722,24240353.696879722
136,Rice,6693.84046533396,2945191.3533960655,22911285.08727653,2945191.3533960655
137,Rice,6420.16969686669,24421885.493330948,24564267.05382589,24421885.493330948
138,Rice,6416.468040623593,24792051.11764067,23801296.47298711,23801296.47298711
139,Rice,6420.126769943238,24426178.18567614,23908025.439776123,23908025.439776123
140,Rice,6546.0038456875645,11838470.611243514,23765557.717353933,11838470.611243514
141,Rice,6393.982685169849,27040586.663015068,22108668.4237695,22108668.4237695
142,Rice,6411.070455797895,25331809.600210447,24567886.384894565,24567886.384894565
143,Rice,6465.119828639378,19926872.316062137,23984386.009402428,19926872.316062137
144,Rice,6543.095359983968,12129319.181603199,24342361.545542747,12129319.181603199
145,Rice,6530.532148630577,13385640.316942312,25846830.273810744,13385640.316942312
146,Rice,6514.835479960793,14955307.183920644,25788716.165170528,14955307.183920644
147,Rice,6440.038651471685,22434990.032831494,24295537.85606667,22434990.032831494
148,Rice,6395.544555134281,26884399.666571874,22517487.068349145,22517487.068349145
149,Rice,6461.011933857083,20337661.794291664,22643564.644004922,20337661.794291664
150,Rice,6311.649007776461,35273954.40235386,25117951.18808121,25117951.18808121
151,Rice,6361.878878361369,30250967.343863063,23598193.871393524,23598193.871393524
152,Rice,6380.648583642689,28373996.815731056,25412874.508134183,25412874.508134183
153,Rice,6260.0204408235295,40436811.09764702,24486653.49640625,24486653.49640625
154,Rice,6222.451998073969,44193655.37260309,23620554.499295592,23620554.499295592
155,Rice,6403.536211868955,26085233.993104424,22121713.698490746,22121713.698490746
156,Rice,6453.656222861196,21073232.89388041,23647679.94261426,21073232.89388041
157,Rice,6273.6844203024675,39070413.14975321,26401169.64093287,26401169.64093287
158,Rice,6355.433641796437,30895491.00035628,23574881.41771274,23574881.41771274
159,Rice,6304.869867719681,35951868.40803189,23115722.46920601,23115722.46920601
160,Rice,6335.378675754154,32900987.604584582,22077175.92308632,22077175.92308632
161,Rice,6405.332680423753,25905587.137624655,21534642.03328191,21534642.03328191
162,Rice,6209.978863301087,45440968.8498913,21957416.726611,21957416.726611
163,Rice,6184.709461179936,47967909.0620064,23353654.89361122,23353654.89361122
164,Rice,6429.120432751987,23526811.904801246,22808570.733299278,22808570.733299278
165,Rice,6227.353504299626,43703504.75003733,22429546.585456174,22429546.585456174
166,Rice,6418.874903334102,24551364.84658978,24401224.54527058,24401224.54527058
167,Rice,6151.327184728986,51306136.70710135,21808219.004536346,21808219.004536346
168,Rice,6483.322558372339,18106599.342766088,24089096.4119893,18106599.342766088
169,Rice,6405.932253373561,25845629.842643842,23731057.04360414,23731057.04360414
170,Rice,6438.448097032395,22594045.476760488,23220568.6354674,22594045.476760488
171,Rice,6660.043785425285,434476.63747146353,23287649.535404865,434476.63747146353
172,Rice,6525.891768114405,13849678.368559483,23989876.40291514,13849678.368559483
173,Rice,6219.223164982176,44516538.681782365,24743493.19321718,24743493.19321718
174,Rice,6472.512001536818,19187655.02631813,25110034.764137823,19187655.02631813
175,Rice,6446.79008225509,21759846.95449096,23174090.961424038,21759846.95449096
176,Rice,6360.39323425152,30399531.75484797,23160021.927225076,23160021.927225076
177,Rice,6472.602918475845,19178563.332415428,23345281.752937313,19178563.332415428
178,Rice,6430.591788371855,23379676.342814486,24825417.272882316,23379676.342814486
179,Rice,6270.0032171831135,39438533.461688615,24303988.47209454,24303988.47209454
180,Rice,6378.130945086726,28625760.6713274,24496356.46919685,24496356.46919685
181,Rice,6237.135730277795,42725282.15222046,24081007.757817708,24081007.757817708
182,Rice,6547.769009604268,11661954.219573176,24625631.997969095,11661954.219573176
183,Rice,6286.706990071856,37768156.172814354,25551731.838001445,25551731.838001445
184,Rice,6528.566901098323,13582165.070167677,20270411.444683045,13582165.070167677
185,Rice,6604.844649601379,5954390.219862029,24136883.744896755,5954390.219862029
186,Rice,6727.550992120562,6316244.032056246,22503516.18916737,6316244.032056246
187,Rice,6412.175148401045,25221340.339895498,21836402.046737075,21836402.046737075
188,Rice,6611.439757501205,5294879.429879431,21291783.525509946,5294879.429879431
189,Rice,6558.364289640157,10602426.215984263,20619028.214633502,10602426.215984263
190,Rice,6631.81486756419,3257368.423581004,24190040.971639417,3257368.423581004
191,Rice,6358.166512359809,30622203.944019105,23642737.29279039,23642737.29279039
192,Rice,6462.927386605682,20146116.519431774,22316117.257830843,20146116.519431774
193,Rice,6467.130760618458,19725779.118154146,24021230.41596976,19725779.118154146
194,Rice,6413.722355138941,25066619.6661059,23148740.862088434,23148740.862088434
195,Rice,6261.644286215103,40274426.55848962,23476183.61530568,23476183.61530568
196,Rice,6263.282692907923,40110585.889207676,23590638.51479292,23590638.51479292
197,Rice,6242.388610642725,42199994.11572744,22316387.175782945,22316387.175782945
198,Rice,6390.6441676575405,27374438.41424592,23858590.73264138,23858590.73264138
199,Rice,6516.322199988715,14806635.181128507,23415563.93283728,14806635.181128507
200,Rice,6354.546650496021,30984190.13039783,23165916.069631416,23165916.069631416
201,Rice,6506.997159395585,15739139.240441449,22860721.079221997,15739139.240441449
202,Rice,6382.585261097475,28180329.07025244,23615981.19594724,23615981.19594724
203,Rice,6657.440650009458,694790.1790541373,24557563.379985582,694790.1790541373
204,Rice,6238.621054749775,42576749.70502248,23182285.521643594,23182285.521643594
205,Rice,6436.502469393053,22788608.240694698,24938789.105026152,22788608.240694698
206,Rice,6493.230284464718,17115826.73352813,21905540.655956745,17115826.73352813
207,Rice,6533.51017011919,13087838.168080991,22013071.00071052,13087838.168080991
208,Rice,6362.102333002571,30228621.879742872,23048349.41539466,23048349.41539466
209,Rice,6684.820799193866,2043224.739386648,23239202.960989203,2043224.739386648
210,Rice,6313.248843948086,35113970.78519139,21615749.83784616,21615749.83784616
211,Rice,6259.223841423965,40516471.03760351,22687234.389370646,22687234.389370646
212,Rice,6419.108592608418,24527995.91915818,23299940.15705964,23299940.15705964
213,Rice,6465.644999599917,19874355.22000823,22796259.33602026,19874355.22000823
214,Rice,6329.369167665824,33501938.413417604,22250443.78555383,22250443.78555383
215,Rice,6549.457713265939,11493083.85340609,23541870.327665284,11493083.85340609
216,Rice,6457.552010832217,20683654.09677826,25644193.790169664,20683654.09677826
217,Rice,6647.503436005122,1688511.5794877447,23444074.40621454,1688511.5794877447
218,Rice,6530.250170488687,13413838.131131245,24350848.165416077,13413838.131131245
219,Rice,6304.225203556221,36016334.82437791,20119343.6218448,20119343.6218448
220,Rice,6296.562352306087,36782619.94939129,22027069.324659247,22027069.324659247
221,Rice,6582.630899827661,8175765.19723388,25424184.733519584,8175765.19723388
222,Rice,6416.286365380828,24810218.641917158,21792299.558035415,21792299.558035415
223,Rice,6507.970288318686,15641826.34813141,22762755.643122938,15641826.34813141
224,Rice,6297.659693371105,36672885.84288944,25000051.549780104,25000051.549780104
225,Rice,6294.995133948769,36939341.78512308,24635135.120881796,24635135.120881796
226,Rice,6304.259472157856,36012907.96421435,24096754.27394288,24096754.27394288
227,Rice,6427.990280984953,23639827.081504695,23262073.50155262,23262073.50155262
228,Rice,6629.672890964111,3471566.0835889094,21686906.827526916,3471566.0835889094
229,Rice,6366.421912106649,29796663.96933507,21960996.394429076,21960996.394429076
230,Rice,6263.014138123721,40137441.36762788,23405243.089674566,23405243.089674566
231,Rice,6551.294528901439,11309402.289856091,25084779.119832285,11309402.289856091
232,Rice,6457.682326339872,20670622.546012778,22259423.668291662,20670622.546012778
233,Rice,6289.513477677752,37487507.41222474,23157385.32833948,23157385.32833948
234,Rice,6281.482885121135,38290566.667886466,25136400.07938098,25136400.07938098
235,Rice,6431.87640355796,23251214.82420399,24174398.60009029,23251214.82420399
236,Rice,6429.920284918987,23446826.688101277,24569220.31408711,23446826.688101277
237,Rice,6386.127491854357,27826105.994564287,24544289.3149403,24544289.3149403
238,Rice,6388.666016459326,27572253.534067377,24659072.657373298,24659072.657373298
239,Rice,6438.652128168662,22573642.36313378,21835451.88769165,21835451.88769165
240,Rice,6625.775074287956,3861347.751204353,21634562.82803521,3861347.751204353
241,Rice,6626.234909365398,3815364.24346013,22723769.20124529,3815364.24346013
242,Rice,6301.841706684824,36254684.51151755,22950284.753603406,22950284.753603406
243,Rice,6422.042450134532,24234610.16654673,24228716.44662081,24228716.44662081
244,Rice,6672.79091343939,840236.16393907,24239021.91768434,840236.16393907
245,Rice,6492.453287075611,17193526.472438857,23829903.784326717,17193526.472438857
246,Rice,6373.083203985316,29130534.78146839,24791634.43341347,24791634.43341347
247,Rice,6509.415743417466,15497280.838253386,21557533.001395755,15497280.838253386
248,Rice,6549.67645277901,11471209.902098956,21905024.306344893,11471209.902098956
249,Rice,6609.11429037917,5527426.142082997,22865650.906868268,5527426.142082997
250,Rice,6415.018285658316,24937026.614168365,22083231.918196622,22083231.918196622
251,Rice,6405.301254953475,25908729.684652455,23292215.641789187,23292215.641789187
252,Rice,6187.320220143282,47706833.165671736,23188313.329648238,23188313.329648238
253,Rice,6449.584603854198,21480394.7945802,22325387.343884345,21480394.7945802
254,Rice,6349.066233123502,31532231.8676498,24641572.804837365,24641572.804837365
255,Rice,6076.635662699866,58775288.91001338,25250283.038402867,25250283.038402867
256,Rice,6381.084716325552,28330383.547444757,21894643.535795905,21894643.535795905
257,Rice,6335.679862184502,32870868.96154978,26570968.5742899,26570968.5742899
258,Rice,6537.870880277714,12651767.152228598,23997378.949342687,12651767.152228598
259,Rice,6182.087989745698,48230056.205430165,23017212.487091333,23017212.487091333
260,Rice,6359.945936098802,30444261.570119753,24405753.541825496,24405753.541825496
261,Rice,6516.774645905662,14761390.589433806,23309321.64832509,14761390.589433806
262,Rice,6481.293163340344,18309538.845965557,23314785.367003344,18309538.845965557
263,Rice,6478.014073452668,18637447.834733203,24130963.00759242,18637447.834733203
264,Rice,6440.3478712688275,22404068.05311722,22697070.96010455,22404068.05311722
265,Rice,6469.376102619459,19501244.91805408,24164064.42441737,19501244.91805408
266,Rice,6632.87913660377,3150941.519622933,21824739.9131275,3150941.519622933
267,Rice,6716.413375264143,5202482.346414313,24449522.092159025,5202482.346414313
268,Rice,6445.879605409115,21850894.63908843,23135272.75586107,21850894.63908843
269,Rice,6235.216326870069,42917222.49299309,24311679.91465357,24311679.91465357
270,Rice,6423.24420138804,24114435.04119597,23252396.542791344,23252396.542791344
271,Rice,6648.488229896869,1590032.190313097,24653853.48883678,1590032.190313097
272,Rice,6327.066502971741,33732204.88282586,24743355.52796344,24743355.52796344
273,Rice,6378.187193278301,28620135.85216991,25566669.260476436,25566669.260476436
274,Rice,6472.41905193546,19196949.986453995,23608951.630505186,19196949.986453995
275,Rice,6362.764603797348,30162394.80026515,25587231.751996294,25587231.751996294
276,Rice,6756.118379515983,9172982.77159835,23684385.006939888,9172982.77159835
277,Rice,6491.252223321813,17313632.84781864,25164220.818963856,17313632.84781864
278,Rice,6415.798862808857,24858968.899114273,23554534.362099662,23554534.362099662
279,Rice,6386.060678873854,27832787.29261455,23887683.44848709,23887683.44848709
280,Rice,6348.043325600201,31634522.619979903,22447624.347401734,22447624.347401734
281,Rice,6220.405388235143,44398316.356485695,23427097.11005323,23427097.11005323
282,Rice,6426.432165682061,23795638.61179385,23298912.01270219,23298912.01270219
283,Rice,6389.597745182736,27479080.661726397,23954610.92080989,23954610.92080989
284,Rice,6143.2102184123505,52117833.33876492,24311385.01238114,24311385.01238114
285,Rice,6352.263994176719,31212455.76232804,23150766.881153513,23150766.881153513
286,Rice,6532.502899455033,13188565.234496666,22898369.135952514,13188565.234496666
287,Rice,6154.088718789964,51029983.30100353,23496503.771070022,23496503.771070022
288,Rice,6541.514118201285,12287443.359871479,23154094.51034885,12287443.359871479
289,Rice,6273.70439198033,39068415.981966965,23247579.55578598,23247579.55578598
290,Rice,6466.897324135615,19749122.766438443,24504294.87973962,19749122.766438443
291,Rice,6466.303522918211,19808502.88817891,22151769.81564834,19808502.88817891
292,Rice,6228.1860581494675,43620249.36505322,21990285.82799767,21990285.82799767
293,Rice,6424.274234645824,24011431.715417523,23989676.888979197,23989676.888979197
294,Rice,6230.206385395288,43418216.64047119,23076411.957319167,23076411.957319167
295,Rice,6585.66368944938,7872486.235061927,23169935.208231583,7872486.235061927
296,Rice,6348.440459031337,31594809.276866265,23691332.239650823,23691332.239650823
297,Rice,6633.022306581441,3136624.5218558945,23975394.3814938,3136624.5218558945
298,Rice,6362.91900049995,30146955.130004965,26482216.334800757,26482216.334800757
299,Rice,6369.195705402562,29519284.639743723,23920808.572832443,23920808.572832443
300,Rice,6524.570725396561,13981782.640343856,22405450.736026123,13981782.640343856
301,Rice,6301.6137222511625,36277482.954883724,22730174.35432711,22730174.35432711
302,Rice,6301.28957717031,36309897.462969,23847278.855953883,23847278.855953883
303,Rice,6475.115719112434,18927283.268756576,24116245.294758964,18927283.268756576
304,Rice,6553.364352995645,11102419.880435439,25891476.94266102,11102419.880435439
305,Rice,6321.529309674167,34285924.21258326,24035140.26906625,24035140.26906625
306,Rice,6367.316964856748,29707158.69432515,24352821.33734842,24352821.33734842
307,Rice,6396.047114801105,26834143.699889496,22964919.74974841,22964919.74974841
308,Rice,6534.260148056892,13012840.374310775,22691668.084215883,13012840.374310775
309,Rice,6425.65814001226,23873041.17877392,21276126.202940453,21276126.202940453
310,Rice,6360.396691129762,30399186.06702376,21839406.564454984,21839406.564454984
311,Rice,6490.826329889735,17356222.191026513,23177349.49042141,17356222.191026513
312,Rice,6361.103279466034,30328527.233396556,21955863.708116125,21955863.708116125
313,Rice,6363.631006315812,30075754.5484188,25091100.476898115,25091100.476898115
314,Rice,6337.5530768664,32683547.49335994,22553402.41827239,22553402.41827239
315,Rice,6576.220102536054,8816844.9263946,22533917.161321223,8816844.9263946
316,Rice,6289.387043524033,37500150.827596635,23506929.364550382,23506929.364550382
317,Rice,6484.453549747932,17993500.205206778,25022387.966479186,17993500.205206778
318,Rice,6401.932869985168,26245568.18148321,23669123.833111536,23669123.833111536
319,Rice,6343.229634700179,32115891.709982038,22960301.795410134,22960301.795410134
320,Rice,6652.477415802316,1191113.5997684076,22897988.29268572,1191113.5997684076
321,Rice,6525.974300056742,13841425.174325734,23198442.68983998,13841425.174325734
322,Rice,6464.144298676516,20024425.31234837,23645727.43836399,20024425.31234837
323,Rice,6594.871584234533,6951696.756546693,26521680.265196864,6951696.756546693
324,Rice,6438.557099553419,22583145.22465807,22953149.528120257,22583145.22465807
325,Rice,6467.083972361553,19730457.9438447,20964074.21642974,19730457.9438447
326,Rice,6559.024639200568,10536391.259943133,23484249.050432663,10536391.259943133
327,Rice,6240.808164779844,42358038.70201552,21611520.740324393,21611520.740324393
328,Rice,6443.220464011539,22116808.778846093,23688260.426930986,22116808.778846093
329,Rice,6171.988807217402,49239974.4582598,22384110.40757407,22384110.40757407
330,Rice,6372.415005117625,29197354.66823749,26475363.250202484,26475363.250202484
331,Rice,6595.067542563521,6932100.923647879,21563866.738567464,6932100.923647879
332,Rice,6362.778937015418,30160961.47845819,23100988.68591542,23100988.68591542
333,Rice,6409.220658987561,25516789.28124383,23205208.80677388,23205208.80677388
334,Rice,6733.175210839693,6878665.9039693475,24197085.460414816,6878665.9039693475
335,Rice,6441.041613360534,22334693.843946565,22085411.68050131,22085411.68050131
336,Rice,6178.5069265628135,48588162.52371861,24497946.967691146,24497946.967691146
337,Rice,6591.035263536896,7335328.826310337,26522000.157700777,7335328.826310337
338,Rice,6561.142824958248,10324572.684175193,24449550.404747497,10324572.684175193
339,Rice,6341.979649494191,32240890.23058086,21654601.415020645,21654601.415020645
340,Rice,6465.239986631783,19914856.516821686,24007160.936190702,19914856.516821686
341,Rice,6420.338758722919,24404979.307708066,23006719.306885518,23006719.306885518
342,Rice,6597.117614639488,6727093.716051143,25027724.684417367,6727093.716051143
343,Rice,6251.628032304629,41276051.949537024,21671385.608141292,21671385.608141292
344,Rice,6545.451468746273,11893708.305372631,24751246.733572137,11893708.305372631
345,Rice,6130.264378558684,53412417.32413154,23746810.605939634,23746810.605939634
346,Rice,6553.380835189946,11100771.66100536,24820689.81924925,11100771.66100536
347,Rice,6380.624764619349,28376378.71806509,22165120.038179792,22165120.038179792
348,Rice,6353.424023953929,31096452.784607112,24611378.947825722,24611378.947825722
349,Rice,6239.734947665416,42465360.41345834,22803539.643633302,22803539.643633302
350,Rice,6574.3779710784465,9001058.072155314,21909723.283205025,9001058.072155314
351,Rice,6481.126036985227,18326251.48147726,23463147.879670233,18326251.48147726
352,Rice,6395.602099347578,26878645.2452422,20574911.89605941,20574911.89605941
353,Rice,6697.698225983028,3330967.4183028676,21407317.700117655,3330967.4183028676
354,Rice,6494.266028087413,17012252.37125863,25978117.95327385,17012252.37125863
355,Rice,6691.30764306071,2691909.12607101,22988964.668871377,2691909.12607101
356,Rice,6511.66225257971,15272629.922028948,21724524.143437892,15272629.922028948
357,Rice,6390.864651721979,27352390.007802106,22248594.354131196,22248594.354131196
358,Rice,6438.228000720889,22616055.107911047,23729973.993028183,22616055.107911047
359,Rice,6443.267961063063,22112059.073693667,24345936.84100106,22112059.073693667
360,Rice,6560.522428331538,10386612.346846135,23182793.638824277,10386612.346846135
361,Rice,6477.777835947591,18661071.585240908,23007851.34511153,18661071.585240908
362,Rice,6368.796268185895,29559228.361410435,23888214.96933895,23888214.96933895
363,Rice,6123.06385849586,54132469.330414,25682982.924193136,25682982.924193136
364,Rice,6453.9630701594515,21042548.16405482,24929455.74283294,21042548.16405482
365,Rice,6361.637338809166,30275121.29908336,24260323.047228143,24260323.047228143

1,Corn,4977.781564629511,4439114.117048874,1763710.8998085617,1763710.8998085617
2,Corn,5018.871110487381,330159.5312618953,1570868.3536604317,330159.5312618953
3,Corn,4768.157208297268,25401549.750273198,1729724.0178483,1729724.0178483
4,Corn,5029.696387302312,752368.1502312431,1728092.0919438794,752368.1502312431
5,Corn,4938.058030742027,8411467.505797308,1571998.314015845,1571998.314015845
6,Corn,5124.267749603667,10209504.380366681,1582355.60040135,1582355.60040135
7,Corn,4907.206532281375,11496617.351862485,1752536.437732891,1752536.437732891
8,Corn,4842.083621492868,18008908.430713225,1577384.6746238577,1577384.6746238577
9,Corn,4998.266874504163,2390583.1295837085,1612158.5192667574,1612158.5192667574
10,Corn,5132.115332097277,10994262.629727721,1590918.0619490882,1590918.0619490882
11,Corn,4978.280021618361,4389268.418163855,1557703.7692274945,1557703.7692274945
12,Corn,5008.295080729938,1387762.5070062347,1591049.3490368521,1387762.5070062347
13,Corn,4860.839034479879,16133367.132012088,1534529.9840495822,1534529.9840495822
14,Corn,5060.666813660957,3849410.7860956974,1696633.3364371522,1696633.3364371522
15,Corn,5061.080855323281,3890814.9523281027,1519949.5959740342,1519949.5959740342
16,Corn,5052.594725731241,3042201.9931241013,1561064.3591445214,1561064.3591445214
17,Corn,5001.699122682295,2047358.31177052,1716790.05561567,1716790.05561567
18,Corn,4871.425450091761,15074725.570823856,1753274.258892475,1753274.258892475
19,Corn,5024.316191060183,214348.52601830452,1604274.309060259,214348.52601830452
20,Corn,5066.165181524294,4399247.5724294055,1785576.6543492526,1785576.6543492526
21,Corn,5021.000728408315,117197.73916850286,1775867.2579550706,117197.73916850286
22,Corn,5091.439124192133,6926641.83921331,1747713.9445952286,1747713.9445952286
23,Corn,4911.772781633495,11039992.416650537,1641699.3636209834,1641699.3636209834
24,Corn,4980.011796970826,4216090.882917367,1541352.157024114,1541352.157024114
25,Corn,5162.125234410375,13995252.86103751,1632397.678937604,1632397.678937604
26,Corn,4941.123846664698,8104885.913530168,1646821.3044047635,1646821.3044047635
27,Corn,4988.131268143319,3404143.7656680755,1701850.2903220335,1701850.2903220335
28,Corn,5199.22622805844,17705352.22584401,1660742.2190244885,1660742.2190244885
29,Corn,5039.842450074783,1766974.4274783372,1607087.5594975702,1607087.5594975702
30,Corn,5032.7567431642665,1058403.7364266552,1675731.379063887,1058403.7364266552
31,Corn,5107.749035094409,8557632.929440908,1790795.6726613676,1790795.6726613676
32,Corn,5008.0298172018565,1414288.8598143398,1636737.0210067998,1414288.8598143398
33,Corn,4900.84509852755,12132760.727244956,1616619.6611016674,1616619.6611016674
34,Corn,5006.745606279165,1542709.952083467,1505781.6470575994,1505781.6470575994
35,Corn,4945.647355502828,7652535.029717208,1826775.4068777014,1826775.4068777014
36,Corn,5107.223246091646,8505054.029164577,1676957.9237989297,1676957.9237989297
37,Corn,4850.329137575746,17184356.82242537,1746156.3345917067,1746156.3345917067
38,Corn,5038.05979414608,1588708.8346080165,1563619.8334647133,1563619.8334647133
39,Corn,5101.82098303549,7964827.723548999,1684760.9775211338,1684760.9775211338
40,Corn,4877.644027059801,14452867.874019856,1595896.0808338667,1595896.0808338667
41,Corn,4817.07999533417,20509271.046582967,1575691.2561334027,1575691.2561334027
42,Corn,4887.51727300011,13465543.27998895,1712434.1109361683,1712434.1109361683
43,Corn,5064.961753651403,4278904.785140341,1644280.1295076811,1644280.1295076811
44,Corn,5189.522997475635,16735029.167563492,1725805.0074296384,1725805.0074296384
45,Corn,4917.571634367702,10460107.143229768,1527497.2378681602,1527497.2378681602
46,Corn,5091.46939122274,6929668.542274041,1819233.169117886,1819233.169117886
47,Corn,4926.514327187846,9565837.861215394,1775320.4280508468,1775320.4280508468
48,Corn,5214.547341829026,19237463.602902584,1601004.5074652035,1601004.5074652035
49,Corn,4933.812386565073,8836031.923492672,1556147.225149776,1556147.225149776
50,Corn,4882.02794610664,14014475.96933597,1546279.4812984338,1546279.4812984338
51,Corn,4867.9226351306215,15425007.06693784,1590835.3084849112,1590835.3084849112
52,Corn,4922.13703792345,10003566.787654951,1734576.7585437351,1734576.7585437351
53,Corn,5192.285942287165,17011323.648716524,1593981.6378246807,1593981.6378246807
54,Corn,5144.430969964429,12225826.416442918,1664906.0970691463,1664906.0970691463
55,Corn,5003.1135818073235,1905912.399267643,1661464.0609817875,1661464.0609817875
56,Corn,5047.384647411506,2521194.1611506264,1618649.083997543,1618649.083997543
57,Corn,4926.612994322965,9555971.147703465,1789965.639594332,1789965.639594332
58,Corn,4986.3431459633275,3582955.9836672414,1544661.3972115347,1544661.3972115347
59,Corn,5088.885129115887,6671242.331588721,1657464.4152073031,1657464.4152073031
60,Corn,4959.299664567089,6287304.123291076,1617181.861224628,1617181.861224628
61,Corn,4661.807236745676,36036546.90543237,1569374.7580143837,1569374.7580143837
62,Corn,4858.566288767352,16360641.703264834,1600277.0600146619,1600277.0600146619
63,Corn,5036.989630412764,1481692.4612764274,1684355.2317842864,1481692.4612764274
64,Corn,5036.525843611089,1435313.7811089004,1708350.872110836,1435313.7811089004
65,Corn,5053.7557522072775,3158304.6407277584,1493043.498349112,1493043.498349112
66,Corn,4900.023302928286,12214940.287171364,1666373.076204522,1666373.076204522
67,Corn,4979.245779073751,4292692.672624914,1587711.9612548796,1587711.9612548796
68,Corn,4983.876947200794,3829575.859920558,1648813.7622473973,1648813.7622473973
69,Corn,4935.941122415996,8623158.338400416,1367055.2981639996,1367055.2981639996
70,Corn,4960.267561632924,6190514.416707563,1588831.7298492272,1588831.7298492272
71,Corn,5029.952905597935,778019.9797934731,1617255.599650702,778019.9797934731
72,Corn,5178.419331986016,15624662.618601607,1733866.1518717238,1733866.1518717238
73,Corn,4859.479180344545,16269352.545545487,1651679.6816376687,1651679.6816376687
74,Corn,4913.35737403118,10881533.176881956,1829721.2059454229,1829721.2059454229
75,Corn,4912.654282031472,10951842.376852825,1543200.8425095803,1543200.8425095803
76,Corn,4999.099634690264,2307307.1109736045,1628392.3414312734,1628392.3414312734
77,Corn,5009.5073741704355,1266533.162956446,1686517.1744299338,1266533.162956446
78,Corn,5136.741657418756,11456895.161875648,1553303.5315836798,1553303.5315836798
79,Corn,5125.989013007674,10381630.720767383,1627545.1613468651,1627545.1613468651
80,Corn,5107.604246295571,8543154.049557118,1589900.8191420045,1589900.8191420045
81,Corn,4940.812714357159,8135999.144284076,1514372.901455462,1514372.901455462
82,Corn,5157.003244658878,13483053.88588785,1569207.8375509582,1569207.8375509582
83,Corn,5003.448802034104,1872390.376589581,1445963.9795410556,1445963.9795410556
84,Corn,4985.309153933966,3686355.1866034213,1447287.9579158265,1447287.9579158265
85,Corn,5076.011059810977,5383835.401097688,1692665.7486420588,1692665.7486420588
86,Corn,5051.2470899203445,2907438.4120344548,1672442.0397316408,1672442.0397316408
87,Corn,4914.804113760908,10736859.203909196,1704977.862446222,1704977.862446222
88,Corn,4977.607956874793,4456474.892520716,1581308.4763829121,1581308.4763829121
89,Corn,4983.200665287086,3897204.0512913987,1612100.563588115,1612100.563588115
90,Corn,4904.845817129519,11732688.867048116,1675460.40943865,1675460.40943865
91,Corn,4972.26891745947,4990378.834053015,1812392.0341140516,1812392.0341140516
92,Corn,5129.117951103171,10694524.53031715,1732601.83041824,1732601.83041824
93,Corn,5055.633697804623,3346099.2004622966,1721773.4565420863,1721773.4565420863
94,Corn,5133.701693845749,11152898.804574918,1670846.3409939953,1670846.3409939953
95,Corn,4874.75621353034,14741649.226966027,1489678.5422507406,1489678.5422507406
96,Corn,4770.2962317215515,25187647.40784484,1658258.3929692719,1658258.3929692719
97,Corn,4836.539285794099,18563342.000590116,1535156.9563068138,1535156.9563068138
98,Corn,4868.472502493753,15370020.330624655,1682957.348925739,1682957.348925739
99,Corn,5026.540644653856,436793.8853856432,1684430.1939709028,436793.8853856432
100,Corn,5208.281956934268,18610925.113426834,1616393.4120775778,1616393.4120775778
101,Corn,5071.34063589611,4916793.009611022,1466941.8142977012,1466941.8142977012
102,Corn,5059.515211580818,3734250.578081785,1583048.1126034334,1583048.1126034334
103,Corn,5022.203790924846,3108.5124845707323,1587801.0978480764,3108.5124845707323
104,Corn,5080.694780589686,5852207.478968623,1543017.8528380631,1543017.8528380631
105,Corn,4960.177073439433,6199563.236056681,1541210.6475813987,1541210.6475813987
106,Corn,4947.366261721536,7480644.4078464005,1630741.7956289158,1630741.7956289158
107,Corn,5031.239891649744,906718.5849744165,1779921.2772993091,906718.5849744165
108,Corn,5013.8887319108635,828397.388913643,1626420.3766958755,828397.388913643
109,Corn,5067.018301561281,4484559.576128115,1580034.2750361722,1580034.2750361722
110,Corn,5156.578134313623,13440542.851362327,1642001.1960397759,1642001.1960397759
111,Corn,4847.627157572182,17454554.82278178,1752377.302058499,1752377.302058499
112,Corn,4898.843386502315,12332931.929768464,1519209.2320730758,1519209.2320730758
113,Corn,4947.165196045636,7500750.975436429,1574623.3297297177,1574623.3297297177
114,Corn,5086.209442686055,6403673.688605497,1536923.7156615923,1536923.7156615923
115,Corn,4810.297140335162,21187556.546483785,1537082.5806443363,1537082.5806443363
116,Corn,5114.494719928983,9232201.412898278,1740502.0480134396,1740502.0480134396
117,Corn,5081.814796191827,5964209.039182671,1630507.9106715454,1630507.9106715454
118,Corn,4926.528850255475,9564385.5544525,1590692.0010360372,1590692.0010360372
119,Corn,4971.783688720968,5038901.707903212,1724004.8301620826,1724004.8301620826
120,Corn,4935.74655109788,8642615.470211994,1698545.9013163964,1698545.9013163964
121,Corn,5021.563028214234,60967.75857661455,1584765.3653312826,60967.75857661455
122,Corn,4883.372116298744,13880058.950125592,1783265.2764659647,1783265.2764659647
123,Corn,5187.096025514041,16492331.971404085,1603971.4643883514,1603971.4643883514
124,Corn,5099.880646178303,7770794.03783034,1628095.6170275803,1628095.6170275803
125,Corn,5147.261697236098,12508899.143609844,1603742.4960872242,1603742.4960872242
126,Corn,4922.768124565349,9940458.123465057,1490597.5828414394,1490597.5828414394
127,Corn,5124.908814510641,10273610.871064076,1700870.3290669324,1700870.3290669324
128,Corn,5105.94543509035,8377272.929034982,1499012.022476917,1499012.022476917
129,Corn,4926.273084320249,9589962.1479751,1662109.1654369375,1662109.1654369375
130,Corn,5243.300887416413,22112818.161641344,1749373.8603433133,1749373.8603433133
131,Corn,5083.128447514794,6095574.171479413,1643210.2500592067,1643210.2500592067
132,Corn,4887.838679635739,13433402.61642609,1870035.6558442228,1870035.6558442228
133,Corn,5087.435557419729,6526285.161972893,1518334.931602188,1518334.931602188
134,Corn,5147.97775023451,12580504.443450965,1712286.0111478863,1712286.0111478863
135,Corn,4991.416059516641,3075664.62833586,1595077.863904002,1595077.863904002
136,Corn,5023.0769396751575,90423.3875157591,1672359.9810555468,90423.3875157591
137,Corn,5011.331857144082,1084084.865591765,1594403.417455042,1084084.865591765
138,Corn,5098.064248535618,7589154.273561846,1507884.0003732666,1507884.0003732666
139,Corn,4952.73496308406,6943774.271594,1650446.4222074994,1650446.4222074994
140,Corn,5127.919150668815,10574644.48688149,1807296.3543704906,1807296.3543704906
141,Corn,4881.575387974824,14059731.782517636,1838452.8826594048,1838452.8826594048
142,Corn,5011.188111574131,1098459.4225869183,1691028.9840024642,1098459.4225869183
143,Corn,4953.197546140484,6897515.965951632,1483120.017583051,1483120.017583051
144,Corn,4992.891271091502,2928143.470849798,1733340.2984287068,1733340.2984287068
145,Corn,4974.342483132618,4783022.26673816,1601926.7131393207,1601926.7131393207
146,Corn,4948.454139265458,7371856.653454168,1559582.6314581425,1559582.6314581425
147,Corn,4991.851170728922,3032153.5071078213,1618111.0556150386,1618111.0556150386
148,Corn,5181.357344560325,15918463.876032522,1610083.1485715038,1610083.1485715038
149,Corn,4912.632320412565,10954038.538743524,1489621.9518447106,1489621.9518447106
150,Corn,4997.939303216887,2423340.258311262,1669646.1373745818,1669646.1373745818
151,Corn,5203.776734108898,18160402.830889843,1738842.901582547,1738842.901582547
152,Corn,4862.882233174697,15929047.2625303,1666431.011626546,1666431.011626546
153,Corn,4994.7122834859165,2746042.231408344,1748613.7566768457,1748613.7566768457
154,Corn,4909.68750472259,11248520.107740957,1602184.119982381,1602184.119982381
155,Corn,5041.137194338503,1896448.8538502995,1641959.5476509593,1641959.5476509593
156,Corn,4961.113796573802,6105890.922619826,1589229.274338112,1589229.274338112
157,Corn,5243.463908131496,22129120.233149633,1627727.7838753853,1627727.7838753853
158,Corn,5025.14246301102,296975.72110196436,1677354.25927532,296975.72110196436
159,Corn,4950.326376325774,7184632.947422622,1738294.3558778053,1738294.3558778053
160,Corn,5019.544732935139,262797.2864860818,1706517.6834665996,262797.2864860818
161,Corn,4992.791125790716,2938158.0009283675,1646663.1338034016,1646663.1338034016
162,Corn,5017.481139613718,469156.6186281559,1569518.01340787,469156.6186281559
163,Corn,4937.119617407377,8505308.839262333,1674375.8069742993,1674375.8069742993
164,Corn,5114.062157686215,9188945.188621502,1784989.7530749524,1784989.7530749524
165,Corn,4985.049866157923,3712283.9642076795,1664575.3405095104,1664575.3405095104
166,Corn,4986.1666345099,3600607.129009975,1583021.4354219902,1583021.4354219902
167,Corn,4958.442934799065,6372977.100093456,1547182.1434376927,1547182.1434376927
168,Corn,5169.645161729793,14747245.592979264,1753356.9390232454,1753356.9390232454
169,Corn,5079.130353897856,5695764.809785644,1581331.3108936378,1581331.3108936378
170,Corn,5070.149230927395,4797652.512739544,1744123.357019268,1744123.357019268
171,Corn,4966.3918484035685,5578085.739643145,1605650.1782963492,1605650.1782963492
172,Corn,4889.821739210652,13235096.658934824,1614659.2413986165,1614659.2413986165
173,Corn,5033.663629497718,1149092.369771799,1729780.3987720069,1149092.369771799
174,Corn,4996.262404597296,2591030.1202703775,1506015.166240314,1506015.166240314
175,Corn,4932.726854909886,8944585.089011367,1454403.9181463495,1454403.9181463495
176,Corn,5045.505936408279,2333323.0608279086,1632019.2610405316,1632019.2610405316
177,Corn,5085.116868176102,6294416.237610196,1524968.1368943292,1524968.1368943292
178,Corn,5188.983659350707,16681095.355070712,1665818.0103232458,1665818.0103232458
179,Corn,4920.435678656937,10173702.714306299,1806526.2737029677,1806526.2737029677
180,Corn,5020.647069373556,152563.64264435228,1696774.0628442538,152563.64264435228
181,Corn,4933.135273671424,8903743.21285756,1791207.38710927,1791207.38710927
182,Corn,5059.285627914677,3711292.211467728,1711106.3388547315,1711106.3388547315
183,Corn,5018.061825303871,411088.04961288814,1591377.5991978585,411088.04961288814
184,Corn,4989.965715794384,3220699.000561606,1806964.744184788,1806964.744184788
185,Corn,5163.209186508319,14103648.070831943,1528530.6116348486,1528530.6116348486
186,Corn,4891.706966538843,13046573.926115733,1527964.299706035,1527964.299706035
187,Corn,4758.840453092908,26333225.270709164,1711661.4575458826,1711661.4575458826
188,Corn,4892.143153566964,13002955.223303549,1685873.5293797592,1685873.5293797592
189,Corn,5227.6510411410745,20547833.53410746,1662168.0320660446,1662168.0320660446
190,Corn,5049.531689745485,2735898.3945485055,1746150.1226632479,1746150.1226632479
191,Corn,5027.8107174313445,563801.1631344599,1592786.7003946684,563801.1631344599
192,Corn,5197.155663521108,17498295.772110827,1748933.6220456138,1748933.6220456138
193,Corn,4977.665502441802,4450720.3358197585,1799356.807666614,1799356.807666614
194,Corn,5022.075008978824,9769.682117555756,1544664.8085160789,9769.682117555756
195,Corn,4989.162322348581,3301038.345141867,1575474.8782702177,1575474.8782702177
196,Corn,5172.38922952828,15021652.37282804,1706174.1686899506,1706174.1686899506
197,Corn,4883.077595682503,13909511.011749716,1698548.2037105346,1698548.2037105346
198,Corn,5047.001385142683,2482867.9342682995,1684590.4094106124,1684590.4094106124
199,Corn,5058.899328177144,3672662.237714369,1738339.9539086767,1738339.9539086767
200,Corn,4998.090964277662,2408174.1522337575,1639625.4630862093,1639625.4630862093
201,Corn,5175.025606348496,15285290.054849586,1655670.8989057723,1655670.8989057723
202,Corn,5113.611302253289,9143859.645328915,1638060.11946062,1638060.11946062
203,Corn,5141.163188034004,11899048.22340038,1602666.6491195143,1602666.6491195143
204,Corn,4925.9779920864285,9619471.371357147,1692468.4324989116,1692468.4324989116
205,Corn,5049.384019759407,2721131.3959407313,1633169.6745351458,1633169.6745351458
206,Corn,4881.510034378852,14066267.142114818,1367548.723472807,1367548.723472807
207,Corn,4915.927482737115,10624522.306288535,1616402.9015065767,1616402.9015065767
208,Corn,5093.255621256256,7108291.545625592,1608134.6463398226,1608134.6463398226
209,Corn,4956.630011025687,6554269.477431287,1705244.3414292047,1705244.3414292047
210,Corn,5042.323868696957,2015116.2896957179,1606600.4567191512,1606600.4567191512
211,Corn,5016.7213428222085,545136.2977791429,1701628.9616795487,545136.2977791429
212,Corn,5039.038123604445,1686541.780444506,1552071.4087750365,1552071.4087750365
213,Corn,5097.228731053217,7505602.525321748,1682942.4541405765,1682942.4541405765
214,Corn,4817.550776173936,20462192.962606356,1630412.8916278975,1630412.8916278975
215,Corn,5080.637355349343,5846464.9549343195,1556757.9700469412,1556757.9700469412
216,Corn,5019.849109750075,232359.6049925324,1680589.9364751657,232359.6049925324
217,Corn,4998.319182937795,2385352.2862205207,1739392.0125189594,1739392.0125189594
218,Corn,4944.572324044982,7760038.175501748,1738486.555532099,1738486.555532099
219,Corn,4792.475511356233,22969719.44437667,1715349.6783237662,1715349.6783237662
220,Corn,5084.919053629089,6274634.7829089,1938825.3566294527,1938825.3566294527
221,Corn,5094.963763769245,7279105.796924498,1520824.4038522365,1520824.4038522365
222,Corn,5041.398185255389,1922547.9455388924,1503199.2271958538,1503199.2271958538
223,Corn,4986.138948696457,3603375.7103542737,1597341.5511175005,1597341.5511175005
224,Corn,4979.259220455894,4291348.534410579,1573804.9097747996,1573804.9097747996
225,Corn,4783.76395825502,23840874.75449799,1732965.3620627534,1732965.3620627534
226,Corn,4894.964599810002,12720810.598999767,1739360.0445022811,1739360.0445022811
227,Corn,5012.849647762702,932305.8037297666,1675434.1549570765,932305.8037297666
228,Corn,4839.484299196925,18268840.66030746,1408514.4126582784,1408514.4126582784
229,Corn,4941.523957785706,8064874.801429348,1703640.2848502258,1703640.2848502258
230,Corn,5111.8647905246335,8969208.472463353,1790036.3222818866,1790036.3222818866
231,Corn,4962.019781733166,6015292.406683355,1501102.0046666805,1501102.0046666805
232,Corn,4976.675219599412,4549748.620058769,1679538.2797029114,1679538.2797029114
233,Corn,5016.62066434438,555204.1455619726,1681094.3486215274,555204.1455619726
234,Corn,5084.108895509089,6193618.970908913,1636493.7588892304,1636493.7588892304
235,Corn,4909.326812065464,11284589.373453608,1698201.5299323092,1698201.5299323092
236,Corn,5128.775604707,10660289.89069998,1566908.523072067,1566908.523072067
237,Corn,4913.105874295785,10906683.150421511,1699980.699018421,1699980.699018421
238,Corn,4993.177280700022,2899542.5099978345,1634450.485142047,1634450.485142047
239,Corn,4950.591606069898,7158109.973010167,1747543.375516809,1747543.375516809
240,Corn,5064.934277381872,4276157.158187172,1544951.3229154362,1544951.3229154362
241,Corn,5028.362649092028,618994.3292027893,1648037.9342300266,618994.3292027893
242,Corn,5090.046390172492,6787368.437249163,1577613.3287276388,1577613.3287276388
243,Corn,4969.688441211877,5248426.458812289,1637891.386721103,1637891.386721103
244,Corn,5074.040117788851,5186741.198885077,1663490.1898940923,1663490.1898940923
245,Corn,4996.100538797154,2607216.7002846324,1757433.6260483128,1757433.6260483128
246,Corn,4930.5363215415055,9163638.425849447,1631751.4090468127,1631751.4090468127
247,Corn,5046.969690917742,2479698.511774197,1743297.2599209778,1743297.2599209778
248,Corn,5157.365475833966,13519277.00339663,1514662.5144417854,1514662.5144417854
249,Corn,4860.194242597232,16197846.320276793,1709680.072437325,1709680.072437325
250,Corn,4830.068447337246,19210425.84627542,1669453.2104880256,1669453.2104880256
251,Corn,5084.479534961103,6230682.91611032,1612130.565722571,1612130.565722571
252,Corn,4973.144962939859,4902774.286014053,1495741.5347246854,1495741.5347246854
253,Corn,4849.455963354549,17271674.244545124,1674286.8627924782,1674286.8627924782
254,Corn,5012.769701887186,940300.3912814053,1506458.2566425367,940300.3912814053
255,Corn,5102.69305540112,8052034.96011197,1659640.9608723766,1659640.9608723766
256,Corn,5048.52642445481,2635371.8654809855,1638464.5187917298,1638464.5187917298
257,Corn,5122.021297576156,9984859.17761561,1587034.5337984602,1587034.5337984602
258,Corn,4877.023691541116,14514901.425888391,1679750.6847064456,1679750.6847064456
259,Corn,4992.651908787255,2952079.7012745133,1647722.7421396903,1647722.7421396903
260,Corn,4937.228714591323,8494399.120867662,1758252.4382618954,1758252.4382618954
261,Corn,5060.605652401311,3843294.6601311164,1690309.5105679403,1690309.5105679403
262,Corn,5021.461072368035,71163.3431964654,1592693.6770170452,71163.3431964654
263,Corn,4842.694783658204,17947792.214179598,1621597.3110150069,1621597.3110150069
264,Corn,5134.029784561947,11185707.876194712,1522597.0909209389,1522597.0909209389
265,Corn,4886.266768845655,13590593.695434498,1641292.274537029,1641292.274537029
266,Corn,5006.533993949642,1563871.1850358301,1644902.0231218552,1563871.1850358301
267,Corn,4935.648841483476,8652386.43165242,1565108.5442312881,1565108.5442312881
268,Corn,5337.140102959007,31496739.715900704,1732342.5917731873,1732342.5917731873
269,Corn,5085.768660889579,6359595.50895793,1533865.923195305,1533865.923195305
270,Corn,5018.883862487799,328884.33122009505,1673642.417610541,328884.33122009505
271,Corn,4913.293373665678,10887933.213432213,1568496.9409017412,1568496.9409017412
272,Corn,4916.547058562912,10562564.723708808,1622000.4149447302,1622000.4149447302
273,Corn,5018.757791709138,341491.4090862365,1698257.0230442693,341491.4090862365
274,Corn,4951.661579427242,7051112.63727579,1664860.0360709415,1664860.0360709415
275,Corn,5157.42926492044,13525655.912043996,1493806.7908926266,1493806.7908926266
276,Corn,4966.69091988104,5548178.591896001,1564804.568069656,1564804.568069656
277,Corn,4948.049592424733,7412311.337526651,1570216.0419077103,1570216.0419077103
278,Corn,4908.561074363365,11361163.143663477,1763115.9656608936,1763115.9656608936
279,Corn,4976.718813186964,4545389.261303561,1613891.725507022,1613891.725507022
280,Corn,4835.1285922575225,18704411.35424774,1676588.6227893666,1676588.6227893666
281,Corn,4879.810510540535,14236219.525946515,1600745.3297277936,1600745.3297277936
282,Corn,5010.1979328362695,1197477.2963730427,1704600.9349160832,1197477.2963730427
283,Corn,5197.128807666102,17495610.186610222,1755008.4576275148,1755008.4576275148
284,Corn,5117.84292629951,9567022.049950967,1651108.2692847499,1651108.2692847499
285,Corn,5280.795981523042,25862327.57230425,1641263.3646282833,1641263.3646282833
286,Corn,5039.509579351446,1733687.3551445683,1678529.6786258593,1678529.6786258593
287,Corn,4957.277110959294,6489559.484070585,1562412.1510481844,1562412.1510481844
288,Corn,4911.965773600088,11020693.21999118,1537988.5087152738,1537988.5087152738
289,Corn,4829.751124487069,19242158.13129306,1607118.2191166885,1607118.2191166885
290,Corn,4959.836460634646,6233624.516535408,1811664.473614553,1811664.473614553
291,Corn,5083.074022387587,6090131.658758739,1600931.147449535,1600931.147449535
292,Corn,5028.547912760586,637520.6960585932,1572740.1645296328,637520.6960585932
293,Corn,4996.688842014438,2548386.3785562133,1715239.0027497853,1715239.0027497853
294,Corn,4998.098410099288,2407429.5700711696,1523084.6278678654,1523084.6278678654
295,Corn,4990.404643493523,3176806.230647733,1652688.7034484583,1652688.7034484583
296,Corn,5075.1090686482175,5293636.284821762,1492656.598347974,1492656.598347974
297,Corn,4939.42462851683,8274807.72831698,1600493.0990206478,1600493.0990206478
298,Corn,4831.1074358118185,19106526.998818144,1660572.4750085652,1660572.4750085652
299,Corn,5026.87104472595,469833.8925950085,1628352.8759912362,469833.8925950085
300,Corn,5047.3830254069535,2521031.9606953566,1629547.8979853895,1629547.8979853895
301,Corn,5014.454917723539,771778.807646049,1553344.0837260114,771778.807646049
302,Corn,5092.322389864955,7014968.406495493,1661009.026260266,1661009.026260266
303,Corn,5051.78493142514,2961222.5625139875,1697505.4179911157,1697505.4179911157
304,Corn,5020.604593757329,156811.20426709438,1501831.4293927217,156811.20426709438
305,Corn,5029.5791733976275,740646.7597627603,1755799.4377660826,740646.7597627603
306,Corn,4958.4430554052715,6372965.039472844,1660962.4981202113,1660962.4981202113
307,Corn,4984.468517981561,3770418.7818439347,1704012.822621754,1704012.822621754
308,Corn,5019.5276212816025,264508.45183974504,1806395.2447941222,264508.45183974504
309,Corn,5182.8731805671405,16070047.476714054,1596708.8835379318,1596708.8835379318
310,Corn,4831.233636145835,19093906.96541653,1720397.6332662348,1720397.6332662348
311,Corn,5060.552068064658,3837936.226465783,1730909.6095337372,1730909.6095337372
312,Corn,4839.350445135352,18282226.066464797,1607457.3522371459,1607457.3522371459
313,Corn,5046.938324588147,2476561.87881473,1497002.7071694878,1497002.7071694878
314,Corn,5079.700936649019,5752823.084901932,1511636.3994777286,1511636.3994777286
315,Corn,5094.659939470234,7248723.367023442,1576673.3972696022,1576673.3972696022
316,Corn,5068.2286095224,4605590.372239997,1721966.6188066478,1721966.6188066478
317,Corn,5188.154379157704,16598167.335770423,1554561.7457210252,1554561.7457210252
318,Corn,5054.428074074091,3225536.8274090616,1585039.1240924066,1585039.1240924066
319,Corn,5057.09364738057,3492094.1580569632,1651378.6756341131,1651378.6756341131
320,Corn,5006.866568218539,1530613.7581460713,1621924.0778061848,1530613.7581460713
321,Corn,5051.825511556021,2965280.5756021487,1635592.7234707538,1635592.7234707538
322,Corn,5002.79762860331,1937507.7196689998,1533799.8894079472,1533799.8894079472
323,Corn,5038.070357345789,1589765.154578865,1704018.4455281582,1589765.154578865
324,Corn,5011.143662148264,1102904.3651735517,1512764.7595439344,1102904.3651735517
325,Corn,5050.093539583164,2792083.378316395,1629247.421324766,1629247.421324766
326,Corn,4937.988943730499,8418376.206950076,1673104.888629155,1673104.888629155
327,Corn,4911.151695978123,11102100.982187701,1476197.7808396025,1476197.7808396025
328,Corn,5129.292114295865,10711940.849586492,1716267.70506384,1716267.70506384
329,Corn,4928.443954639637,9372875.116036292,1576248.457755501,1576248.457755501
330,Corn,5012.122121943376,1005058.3856623486,1640210.5661601555,1005058.3856623486
331,Corn,4982.36144142352,3981126.4376480062,1620257.69807564,1620257.69807564
332,Corn,4943.983690087294,7818901.571270569,1678612.6598511003,1678612.6598511003
333,Corn,5119.991412209691,9781870.640969075,1532014.132628693,1532014.132628693
334,Corn,5086.977277109648,6480457.13096478,1814756.7026604405,1814756.7026604405
335,Corn,4913.637003327581,10853570.247241922,1501348.707475524,1501348.707475524
336,Corn,4885.948193319512,13622451.24804879,1712343.4538309916,1712343.4538309916
337,Corn,5081.455753431131,5928304.763113076,1528583.2506840487,1528583.2506840487
338,Corn,5016.287648716277,588505.7083723292,1615386.2496876996,588505.7083723292
339,Corn,5014.433924960225,773878.0839774588,1507471.4402522035,773878.0839774588
340,Corn,4917.864792509699,10430791.32903006,1700738.1619066393,1700738.1619066393
341,Corn,5075.5263475556885,5335364.175568859,1611609.7815209422,1611609.7815209422
342,Corn,4913.137178224628,10903552.757537207,1626504.7355038908,1626504.7355038908
343,Corn,5037.76564570789,1559293.9907890214,1559524.4228831115,1559293.9907890214
344,Corn,5000.483817828675,2168888.797132538,1573507.7983986486,1573507.7983986486
345,Corn,5050.350106879268,2817740.1079268493,1658256.5614307763,1658256.5614307763
346,Corn,5126.235172267221,10406246.646722114,1417120.892819059,1417120.892819059
347,Corn,4958.213134663728,6395957.113627198,1581361.807525501,1581361.807525501
348,Corn,5081.354387068321,5918168.126832072,1534100.9830008734,1534100.9830008734
349,Corn,4795.1165977535575,22705610.80464425,1691473.5156949782,1691473.5156949782
350,Corn,4920.000116176855,10217258.962314488,1564289.0746458408,1564289.0746458408
351,Corn,5206.190113596558,18401740.77965582,1625874.6570777863,1625874.6570777863
352,Corn,5114.293260476532,9212055.467653202,1650078.256008652,1650078.256008652
353,Corn,4990.3140976935165,3185860.810648344,1719931.893082687,1719931.893082687
354,Corn,5054.539305860686,3236660.006068607,1644562.966766013,1644562.966766013
355,Corn,4786.786002072068,23538670.372793175,1524083.4371663944,1524083.4371663944
356,Corn,5022.336979946963,16427.41469629272,1752950.9119048452,16427.41469629272
357,Corn,4964.398496804647,5777420.899535289,1622102.7578806158,1622102.7578806158
358,Corn,5014.314848451023,785785.7348976975,1478811.3542211878,785785.7348976975
359,Corn,5070.350025434436,4817731.963443632,1619355.605896956,1619355.605896956
360,Corn,5064.127538656578,4195483.285657767,1853368.756540645,1853368.756540645
361,Corn,5012.927139162903,924556.6637097251,1578661.1957463208,924556.6637097251
362,Corn,4953.740637252438,6843206.854756161,1572194.679712281,1572194.679712281
363,Corn,5087.260358340525,6508765.254052535,1556319.66404522,1556319.66404522
364,Corn,5050.460327225189,2828762.142518892,1720208.791891653,1720208.791891653
365,Corn,4862.687679632901,15948502.616709927,1702872.7083490063,1702872.7083490063
